{
  "name": "growl",
  "title": "jQuery Growl",
  "description": "Growl is a jQuery plugin designed to provide informative messages in the browser.",
  "keywords": ["alert","animation"],
  "version": "1.3.2",
  "author": {
    "name": "Kevin Sylvestre",
    "email": "kevin@ksylvest.com",
    "url": "https://ksylvest.com/"
  },
  "licenses": 
  [
    {
      "type": "MIT",
      "url": "https://github.com/ksylvest/jquery-growl/LICENSE"
    }
  ],
  "bugs": "https://github.com/ksylvest/jquery-growl/issues",
  "docs": "https://ksylvest.github.com/jquery-growl",
  "homepage": "https://ksylvest.github.com/jquery-growl",
  "download": "https://ksylvest.github.com/jquery-growl",
  "dependencies": 
  {
    "jquery": ">1.5"
  }
}
